<?xml version="1.0" encoding="UTF-8"?>
<project-private xmlns="http://www.netbeans.org/ns/project-private/1">
    <editor-bookmarks xmlns="http://www.netbeans.org/ns/editor-bookmarks/2" lastBookmarkId="0"/>
    <open-files xmlns="http://www.netbeans.org/ns/projectui-open-files/2">
        <group>
            <file>file:/C:/Users/captj_000/Documents/CMPSC%20221/Database_P1_Classes/src/database_p1/BookingList.java</file>
            <file>file:/C:/Users/captj_000/Documents/CMPSC%20221/Database_P1_Classes/src/database_p1/WaitList.java</file>
            <file>file:/C:/Users/captj_000/Documents/CMPSC%20221/Database_P1_Classes/src/database_p1/Databases_P1_GUI.java</file>
            <file>file:/C:/Users/captj_000/Documents/CMPSC%20221/Database_P1_Classes/src/database_p1/Holiday.java</file>
            <file>file:/C:/Users/captj_000/Documents/CMPSC%20221/Database_P1_Classes/src/database_p1/Connector.java</file>
            <file>file:/C:/Users/captj_000/Documents/CMPSC%20221/Database_P1_Classes/src/database_p1/WaitListEntry.java</file>
            <file>file:/C:/Users/captj_000/Documents/CMPSC%20221/Database_P1_Classes/src/database_p1/Magician.java</file>
        </group>
    </open-files>
</project-private>
